Median End Value,Mean End Value,5th Percentile,95th Percentile,Initial Portfolio Value,Median CAGR,Mean CAGR,Median Annual Volatility,Probability Goal,Probability Bust,Calibrated Real Drift (annual),Equity Valuation Scalar,Assumed Inflation (annual),Inflation Source,Target Expected Return,Target Annual Volatility,Target Sharpe
12084.02284207145,18823.31647858237,3862.1969887802093,50357.64709350785,6387.782666015625,0.06582558294527885,0.07555674816726858,0.24586595545479917,0.678,0.148,-0.026470484364059098,0.5041514041514041,0.0231,FRED T10YIE,0.08625146085374125,0.27830127241954844,0.25923510958649
